no,tema,nama_&_nomor_surat/doa,bacaan_arab,bacaan_latin,terjemahan,bacaan_untuk_apa,rujukan_bacaan_dari,sumber_refrensi
1.0,Rezeki,QS. Al-Isra (17): 31,وَلَا تَقْتُلُوا أَوْلَـٰدَكُمۡ خَشْيَةَ إِمۡلَـٰقٍۖ نَّحۡنُ نَرْزُقُهُمْ وَإِيَّاكُمۡۚ,Wa lā taqtulū awlādakum khasyyata imlāq. Naḥnu narzuquhum wa iyyākum,"""Janganlah kamu membunuh anak-anakmu karena takut miskin. Kamilah yang memberi rezeki kepada mereka dan juga kepadamu.""","Menumbuhkan keyakinan bahwa Allah menjamin rezeki bagi anak-anak dan orang tua, terutama dalam kondisi sulit atau kekhawatiran ekonomi.",Ustadz Khalid Basalamah,https://www.agamaislam.com/jangan-khawatir-dengan-rezekimu/
1.0,Rezeki,QS. Al-Ma’idah (5): 114,قَالَ عِيسَى ٱبْنُ مَرْيَمَ ٱللَّهُمَّ رَبَّنَآ أَنزِلْ عَلَيْنَا مَآئِدَةً مِّنَ ٱلسَّمَآءِ تَكُونُ لَنَا عِيدًا لِّأَوَّلِنَا وَءَاخِرِنَا وَءَايَةً مِّنكَ ۖ وَٱرْزُقْنَا وَأَنتَ خَيْرُ ٱلرَّٰزِقِينَ,Qāla ‘īsā ibn maryama allāhumma rabbanā anzil ‘alaynā mā’idatan mina as-samā’i takūnu lanā ‘īdan li-awwalinā wa ākhirinā wa āyatan minka warzuqnā wa anta khayru ar-rāziqīn,"sa putra Maryam berdoa: ""Ya Tuhan kami, turunkanlah kepada kami suatu hidangan dari langit yang (hari turunnya) akan menjadi hari raya bagi kami, yaitu bagi orang-orang yang bersama kami dan yang datang sesudah kami, dan menjadi tanda bagi kekuasaan Engkau; berilah kami rezeki, dan Engkaulah pemberi rezeki yang paling utama.""","Doa ini memohon kepada Allah agar diberikan rezeki yang berlimpah dan berkah, yang menjadi sumber kebahagiaan dan perayaan bagi diri sendiri dan keluarga.",Ustadz Abdul Somad,https://iqra.republika.co.id/berita/rszbup320/doa-mohon-rezeki-yang-pernah-dibaca-nabi-isa-dan-diabadikan-dalam-alquran
1.0,Rezeki,QS. Al-Baqarah (2):201,وَمِنْهُمْ مَنْ يَقُولُ رَبَّنَا آتِنَا فِي الدُّنْيَا حَسَنَةً وَفِي الْآخِرَةِ حَسَنَةً وَقِنَا عَذَابَ النَّارِ,"Wa minhum man yaqūlu Rabbanā ātinā fid-dunyā ḥasanah, wa fil-ākhirati ḥasanah, wa qinā ‘adhāban-nār.","“Ya Tuhan kami, berilah kami kebaikan di dunia dan kebaikan di akhirat, serta lindungilah kami dari siksa neraka.”","Doa lengkap untuk rezeki, keselamatan dunia-akhirat. Sangat dianjurkan oleh Rasulullah ﷺ dibaca setiap hari.",Rasulullah ﷺ (HR. Bukhari & Muslim),https://tafsirweb.com/727-surat-al-baqarah-ayat-201.html
1.0,Rezeki,QS. Hūd (11): 6,وَمَا مِن دَابَّةٍۢ فِى ٱلْأَرْضِ إِلَّا عَلَى ٱللَّهِ رِزْقُهَا وَيَعْلَمُ مُسْتَقَرَّهَا وَمُسْتَوْدَعَهَا ۚ كُلٌّۭ فِى كِتَٰبٍۢ مُّبِينٍۢ,"Wa mā min dābbatin fī al-arḍi illā ‘alallāhi rizquhā, wa ya‘lamu mustaqarrahā wa mustawda‘ahā, kullun fī kitābin mubīn.","“Dan tidak ada satu makhluk melata pun di bumi melainkan Allah-lah yang memberi rezekinya, dan Dia mengetahui tempat menetap dan tempat penyimpanannya…”",Ayat motivasi bahwa Allah menjamin rezeki setiap makhluk—penguat tawakal & syukur dalam usaha.,"Ulama tafsir: Quraish Shihab, Wahbah az-Zuhailī",https://news.detik.com/berita/d-5573518/apa-maksud-dari-surat-hud-ayat-6-ini-jawaban-lengkapnya
1.0,Rezeki,QS. Ibrahim (14): 37,رَبَّنَا إِنِّىٓ أَسْكَنْتُ مِن ذُرِّيَّتِى بِوَادٍ غَيْرِ ذِى زَرْعٍ عِندَ بَيْتِكَ ٱلْمُحَرَّمِ رَبَّنَا لِيُقِيمُوا۟ ٱلصَّلَوٰةَ فَٱجْعَلْ أَفْـِٔدَةًۭ مِّنَ ٱلنَّاسِ تَهْوِىٓ إِلَيْهِمْ وَٱرْزُقْهُم مِّنَ ٱلثَّمَرَٰتِ لَعَلَّهُمْ يَشْكُرُونَ,"Rabbanā innī askantu min dhurriyyatī biwādin ghayri dhī zar‘in ‘inda baytika al-muḥarram, rabbanā liyuqīmū aṣ-ṣalāh, faj‘al af’idatan mina an-nāsi tahwī ilayhim, warzuqhum mina aṡ-tsamarāti la‘allahum yasykurūn","“Ya Tuhan kami, sesungguhnya aku telah menempatkan sebagian keturunanku di lembah yang tidak memiliki tanam-tanaman di dekat rumah-Mu (Baitullah)… Maka jadikanlah hati manusia cenderung kepada mereka dan berilah mereka rezeki dari buah-buahan agar mereka bersyukur.”",Doa Nabi Ibrahim memohon rezeki untuk keturunan di tanah suci bisa diamalkan untuk keluarga.,Nabi Ibrahim عليه السلام,https://tafsirweb.com/4083-surat-ibrahim-ayat-37.html?
1.0,Rezeki,QS. Al-Jumu’ah (62):10,فَإِذَا قُضِيَتِ الصَّلَاةُ فَانتَشِرُوا فِي الْأَرْضِ وَابْتَغُوا مِن فَضْلِ اللَّهِ وَاذْكُرُوا اللَّهَكَثِيرًا لَعَلَّكُمْ تُفْلِحُونَ,Fa-idzā quḍiyatāṣ-ṣalātu fantashirū fil-arḍi wabtaghū min faḍlillāh wa-udhkurū llāha kathīran la‘allakum tufliḥūn,"“Apabila salat telah selesai, maka bertebaranlah di bumi, cari karunia Allah, dan ingatlah Dia banyak agar kamu beruntung.”","Memohon rezeki setelah ibadah, sekaligus agar pekerjaan diberkahi.",Rasulullah ﷺ,https://myislam.org/surah-jumuah/ayat-10/
1.0,Rezeki,QS. Al-Mu’minun (23):18–19,وَأَنزَلْنَا مِنَ السَّمَاءِ مَاءً بِقَدَرٍۢ فَأَسْكَنَّـٰهُ فِي الْأَرْضِ... فَأَنتَشَرُوا فِيهِ أَنْهَارًا وَكُلُوا مِنْ ثَمَرِهِ وَآتُوا حَقَّهُ يَوْمَ حَصَادِهِ,"Wa anzalnā mina as-samā’i mā’an biqadar, fa askannāhu fil-ard; fa ansya’nā lakum bihī jannātin... kulū min thamarihi wa ātu ḥaqqahu yawma ḥaṣādihi","“Dan Kami turunkan air dari langit, lalu Kami tanam kebun-kebun untukmu... makanlah buahnya dan tunaikan haknya di hari panen.”","Memohon agar Allah memberi rezeki melalui hasil bumi, sekaligus ingat kewajiban zakat/sedekah.",Ulama fiqih zakat & tafsir Syaikh As-Sa’di,https://tafsirq.com/23-al-muminun/ayat-18
1.0,Rezeki,Doa Rezeki Halal & Cukup,اللَّهُمَّ اكْفِنِي بِحَلاَلِكَ عَنْ حَرَامِكَ وَأَغْنِنِي بِفَضْلِكَ عَمَّن سِوَاكَ,Allāhumma ikfinī biḥalālika ‘an ḥarāmika wa aghninī bi-faḍlika ‘amman siwāka,"“Ya Allah, cukupkanlah aku dengan rezeki halal-Mu, jauhkan aku dari rezeki haram, dan kayakanlah aku dengan karunia-Mu sehingga aku tak bergantung pada selain-Mu.”","Memohon rezeki yang cukup, halal, berkah, dan bebas dari ketergantungan pada orang lain","Nabi Muhammad ﷺ (HR. at‑Tirmidzi, hasan gharib)",https://pwmu.co/135702/03/06/doa-dan-amalan-pembuka-pintu-rezeki/
1.0,Rezeki,Doa Rezeki Lancar & Ridha,بِسْمِ اللَّهِ عَلَى نَفْسِي وَمَالِي وَدِينِي، اللَّهُمَّ رَضِّنِي بِقَضَائِكَ، وَبَارِكْ لِي فِيمَا قُدِّرَ لِي، حَتَّى لاَ أُحِبَّ تَعْجِيلَ مَا أَخَّرْتَ، وَلاَ تَأْخِيرَ مَا عَجَّلْتَ.,"Bismillāhi ‘alā nafsī wa mālī wa dīnī, Allāhumma raḍḍinī bi-qaḍā’ika, wa bārik lī fīmā quddira lī, ḥattā lā uḥibba ta‘jīla mā akhkhar-ta, wa lā ta’khīra mā ‘ajjalt(a).","“Dengan nama Allah atas diriku, hartaku, dan agamaku; Ya Allah, jadikanlah aku ridha terhadap ketetapan-Mu, dan berkahilah aku dalam apa yang telah Engkau takdirkan kepadaku, supaya aku tidak ingin mempercepat apa yang Engkau tunda, atau menunda apa yang Engkau percepat.”","Memohon kelancaran rezeki, sikap ridha, taufik dan berkat dalam keputusan Allah",Nabi Muhammad ﷺ (HR. Ibnu Sunni; diajarkan kepada Ibnu Umar),https://www.kompas.tv/religi/269068/bacaan-doa-nabi-muhammad-dibaca-agar-rezeki-tidak-seret
1.0,Rezeki,"Doa Pembuka Rezeki – Ilmu, Rizki Halal, Amal Diterima",اللَّهُمَّ إِنِّي أَسْأَلُكَ عِلْمًا نَافِعًا وَرِزْقًا طَيِّبًا وَعَمَلًا مُتَقَبَّلًا,Allāhumma innī as’aluka ‘ilman nāfi‘an wa rizqan ṭayyiban wa ‘amalan mutaqabbalan.,"“Ya Allah, sesungguhnya aku memohon pada-Mu ilmu yang bermanfaat, rezeki yang baik, dan amal yang diterima.”","Memohon agar rezeki lancar dan halal, disertai ilmu bermanfaat dan amal yang diberkahi.",Nabi Muhammad ﷺ diriwayatkan oleh Ibnu Majah dan Imam Ahmad,https://www.liputan6.com/islami/read/5252255/doa-pembuka-rezeki-sesuai-ajaran-rasulullah-bisa-diamalkan-tiap-pagi?
2.0,Perasaan,QS. Thāhā (20): 25‑28,رَبِّ اشْرَحْ لِي صَدْرِي، وَيَسِّرْ لِي أَمْرِي، وَاحْلُلْ عُقْدَةً مِّن لِسَانِي، يَفْقَهُوا قَوْلِي,"Rabbisy raḥli ṣadrī, wa yassir lī amrī, waḥḥlul ’uqdata mīn lisānī, yafqahū qawlī","“Ya Tuhanku, lapangkanlah dadaku, mudahkanlah urusanku, lepaskanlah kekakuan dari lidahku, agar mereka faham perkataanku.”",Doa Nabi Musa AS – Permohonan kelapangan dada,Rasulullah SAW,"tafsirweb.com, quran.kemenag.go.id"
2.0,Perasaan,QS. Al-Insyirah (94): 6,فَإِنَّ مَعَ الْعُسْرِ يُسْرًا,Fa inna ma‘al ‘usri yusra,“Sesungguhnya bersama kesulitan ada kemudahan.”,Menenangkan hati di saat galau atau berat,Ibnu Katsir,https://www.dompetdhuafa.org
2.0,Perasaan,QS. Ali-Imran (3): 139,وَلَا تَهِنُوا وَلَا تَحْزَنُوا وَأَنْتُمْ الْأَعْلَوْنَ إِنْ كُنْتُمْ مُؤْمِنِينَ,Wa lā tahinū wa lā taḥzanū wa antum al-a‘lawna in kuntum mu’minīn,"“Janganlah kamu lemah dan sedih, padahal kamu paling tinggi jika kamu beriman.”",Meningkatkan semangat dan kepercayaan diri,Al-Muyassar,quran.kemenag.go.id
2.0,Perasaan,QS. Ar-Ra’d (13): 28,أَلَا بِذِكْرِ اللَّهِ تَطْمَئِنُّ الْقُلُوبُ,Alā bidhikri Allāhi taṭma’innu al-qulūb,"“Ingatlah, hanya dengan mengingat Allah hati menjadi tenteram.”",Menghilangkan cemas dan menenangkan pikiran,Al-Jalalayn,Tafsirweb.com
2.0,Perasaan,QS. Al-Baqarah (2): 286 (bagian doa),رَبَّنَا لَا تُؤَاخِذْنَا إِنْ نَسِينَا...,Rabbana lā tu’ākhidhna in nasīna...,"“Ya Tuhan kami, janganlah Engkau hukum kami jika kami lupa...”","Mohon ampunan, pertolongan, dan ketenangan jiwa",Ibnu Katsir,https://tafsirweb.com/112-quran-surat-al-baqarah-ayat-286.html
2.0,Perasaan,QS. Al-Baqarah (2): 250,رَبَّنَا أَفْرِغْ عَلَيْنَا صَبْراً وَثَبِّتْ أَقْدَامَنَا وَانْصُرْنَا...,Rabbana afrig ‘alaynā ṣabran wa thabbit aqdāmana wa-nṣurnā…,"“Ya Tuhan kami, limpahkanlah kesabaran kepada kami... dan tolonglah kami menghadapi musuh.”",Memohon kesabaran dan pertolongan dalam ujian,"As-Sa'di,",https://tafsirweb.com/76-quran-surat-al-baqarah-ayat-250
2.0,Perasaan,QS. Yunus (10): 12,رَبِّ إِنِّي مَغْلُوبٌ فَانتَصِرْ,Rabbi innī maghlūbun fantaṣir,"“Ya Tuhanku, sesungguhnya aku dalam keadaan tertimpa, maka tolonglah aku.”","Doa saat tertekan, teraniaya, butuh pertolongan",Imam Ath-Thabari,"altafsir.com, tafsirweb.com"
2.0,Perasaan,QS. At-Taubah: 51,قُل لَّن يُصِيبَنَآ إِلَّا مَا كَتَبَ ٱللَّهُ لَنَا هُوَ مَوْلَىٰنَا ۚ وَعَلَى ٱللَّهِ فَلْيَتَوَكَّلِ ٱلْمُؤْمِنُونَ,Qul lan yushībanā illā mā kataba Allāhu lanā huwa mawlānā wa ‘ala Allāhi falyatawakkalil-mu’minūn,"Katakanlah, “Tidak akan menimpa kami melainkan apa yang telah ditetapkan Allah bagi kami.”",Saat merasa sedih dan pasrah,,quran.kemenag.go.id
2.0,Perasaan,QS. Ar-Ra’d: 28,	ٱلَّذِينَ ءَامَنُوا۟ وَتَطْمَئِنُّ قُلُوبُهُم بِذِكْرِ ٱللَّهِ ۗ أَلَا بِذِكْرِ ٱللَّهِ تَطْمَئِنُّ ٱلْقُلُوبُ,"Alladzīna āmanū wa tatma’innu qulūbuhum bi dzikrillāh, alā bi dzikrillāhi tatma’innu al-qulūb",Orang-orang yang beriman dan hati mereka menjadi tenteram,,,tafsirweb.com
2.0,Perasaan,Doa Nabi Muhammad SAW,اللَّهُمَّ إِنِّي أَعُوذُ بِكَ مِنَ الْهَمِّ وَالْحَزَنِ,Allāhumma innī a‘ūdzu bika minal-hammi wal-ḥazan,"Ya Allah, aku berlindung kepada-Mu dari kegelisahan dan kesedihan.",Meredakan gelisah & resah,Hadis Nabi SAW (HR. Abu Dawud),quran.kemenag.go.id
2.0,Perasaan,QS. Yusuf: 86,إِنَّمَا أَشْكُو بَثِّي وَحُزْنِي إِلَى اللَّهِ,Innamā asykū batstsī wa ḥuznī ilallāh,Sesungguhnya aku hanya mengadukan kesusahan dan kesedihanku kepada Allah.,Menenangkan hati karena rindu,,quran.kemenag.go.id
3.0,Jodoh,QS. An-Nūr 24:26,الطَّيِّبَاتُ لِلطَّيِّبِينَ,Aṭ-ṭayyibātu liṭ-ṭayyibīn,Wanita-wanita yang baik untuk laki-laki yang baik.,Meyakini bahwa jodoh adalah cerminan diri,Tafsir Al-Muyassar,https://tafsirq.com/24-an-nur/ayat-26
3.0,Jodoh,QS. Al-Furqan (25): 74,وَالَّذِينَ يَقُولُونَ رَبَّنَا هَبْ لَنَا مِنْ أَزْوَٰجِنَا وَذُرِّيَّاتِنَا قُرَّةَ أَعْيُنٍ وَٱجْعَلْنَا لِلْمُتَّقِينَ إِمَامًا,Walladhīna yaqūlūna rabbanaa hab lanā min azwājinaa wa dhurriyyātinaa qurrata a’yunin waj’alnaa lilmuttaqīna imāma,"“Dan orang-orang yang berkata: ‘Ya Tuhan kami, anugerahkanlah kepada kami istri-istri kami dan keturunan kami sebagai penyejuk hati, dan jadikanlah kami imam bagi orang-orang yang bertakwa.’”",Memohon pasangan hidup dan keturunan yang membawa ketenangan hati serta menjadi contoh kebaikan,Ustadz Khalid Basalamah,"https://myislam.org/surah-furqan/ayat-74/#:~:text=And%20those%20who%20say%2C%20%E2%80%9COur,)%20to%20lead%20the%20righteous.%E2%80%9D"
3.0,Jodoh,QS. Ar-Rūm 30:21,وَمِنْ ءَايَـٰتِهِۦٓ أَنْ خَلَقَ لَكُم مِّنْ أَنفُسِكُمْ أَزْوَٰجًۭا لِّتَسْكُنُوٓا۟ إِلَيْهَا وَجَعَلَ بَيْنَكُم مَّوَدَّةًۭ وَرَحْمَةً ۚ إِنَّ فِى ذَٰلِكَ لَـَٔايَـٰتٍۢ لِّقَوْمٍۢ يَتَفَكَّرُونَ ٢١,Wa min āyātihī an khalaqa lakum...,"""Dan di antara tanda-tanda kekuasaan-Nya ialah Dia menciptakan untukmu pasangan dari jenismu sendiri agar kamu cenderung dan merasa tenteram kepadanya...""",Memohon pasangan yang cocok,Nabi Muhammad SAW,https://quran.com/id/ar-rum/21
3.0,Jodoh,QS. Yūsuf 12:55,قَالَ ٱجۡعَلۡنِي عَلَىٰ خَزَآئِنِ ٱلۡأَرۡضِۖ إِنِّي حَفِيظٌ عَلِيمٞ,"Qāla ij‘alnī ‘alā khazā’inil-arḍ, innī ḥafīẓun ‘alīm.","Ia (Yusuf) berkata, ""Jadikanlah aku bendaharawan negeri (ini); sesungguhnya aku adalah orang yang pandai menjaga lagi berpengetahuan.""",Kesiapan Menikah (Doa agar siap tanggung jawab),Ibnu Katsir,https://quran.com/id/yusuf/55
3.0,Jodoh,QS. An-Nur (24): 32,وَأَنكِحُوا الْأَيَامَىٰ مِنكُمْ وَالصَّالِحِينَ مِنْ عِبَادِكُمْ وَإِمَائِكُمْ ۚ إِن يَكُونُوا فُقَرَاءَ يُغْنِهِمُ اللَّهُ مِن فَضْلِهِ ۗ وَاللَّهُ وَاسِعٌ عَلِيمٌ,Wa ankiḥul ayamā minkum waṣ-ṣāliḥīna min ‘ibādikum wa imā’ikum in yakūnū fuqaraā’ yughnīhimullāhu min faḍlihi wallāhu wāsi’un ‘alīm,“Dan nikahkanlah orang-orang yang sendirian di antara kamu dan orang-orang yang layak (menikah) di antara hamba sahayamu...”,Memohon agar Allah memberikan kemudahan dan kecukupan dalam menikah.,Ustad Abdul Somad,https://ejournal.radenintan.ac.id/index.php/al-dzikra/article/download/7010/4003
3.0,Jodoh,QS. Al-Anbiya (21): 89,وَزَكَرِيَّآ إِذْ نَادَىٰ رَبَّهُۥ رَبِّ لَا تَذَرْنِى فَرْدًۭا وَأَنتَ خَيْرُ ٱلْوَٰرِثِينَ,Wa Zakariyyā idh nādā rabbahu rabbi lā tadharni fardan wa anta khayru al-wārithīn,"""Dan (ingatlah kisah) Zakaria, ketika ia menyeru Tuhannya: 'Ya Tuhanku, janganlah Engkau membiarkan aku hidup seorang diri dan Engkaulah Waris yang paling baik.'""","Doa ini mencerminkan kerendahan hati dan pengharapan penuh kepada Allah dalam urusan jodoh.Doa ini dipanjatkan oleh Nabi Zakaria untuk memohon keturunan.

",Nabi Zakaria,https://bincangmuslimah.com/ibadah/tiga-doa-dalam-al-quran-yang-bisa-mendekatkan-jodoh-27105/
3.0,Jodoh,QS. Al-Qashash (28): 24,رَبِّ إِنِّي لِمَا أَنْزَلْتَ إِلَيَّ مِنْ خَيْرٍ فَقِيرٌ,Rabbi innī limā anzalta ilayya min khayrin faqīr,"""Ya Tuhanku, sesungguhnya aku sangat memerlukan sesuatu kebaikan yang Engkau turunkan kepadaku.""","Doa ini dipanjatkan oleh Nabi Musa ketika beliau berada dalam kesulitan setelah melarikan diri dari Mesir. Dalam konteks mencari jodoh, doa ini dapat diamalkan untuk memohon kepada Allah agar diberikan pasangan hidup yang baik sebagai bagian dari kebaikan yang diturunkan-Nya","Nabi Musa, Habib Abdullah bin Abdurrahman Al-Muhdhar",https://bincangmuslimah.com/ibadah/tiga-doa-dalam-al-quran-yang-bisa-mendekatkan-jodoh-27105/
3.0,Jodoh,Doa meminta jodoh terbaik,رَبَّنَا هَبْ لَنَا مِنْ اَزْوَاجِنَا وَذُرِّيّٰتِنَا قُرَّةَ اَعْيُنٍ وَّاجْعَلْنَا لِلْمُتَّقِيْنَ اِمَامًا,Rabbanaa hab lanaa min azwaajinaa wa zurriyyatinaa qurrota a’yun.,"“Ya Tuhan kami, anugerahkanlah kepada kami pasangan kami dan keturunan kami sebagai penyenang hati (kami), dan jadikanlah kami pemimpin bagi orang-orang yang bertakwa.”",Doa meminta jodoh terbaik,Habib Abdullah bin ʿAbdurraḥmān Al‑Muḥḍar,https://narasi.tv/read/narasi-daily/doa-meminta-jodoh-terbaik-menurut-islam-lengkap-dengan-lafal-arab-dan-terjemahannya
3.0,Jodoh,Doa meminta jodoh untuk laki-laki,رَبِّ هَبْ لِي مِنْ لَدُنْكَ زَوْجَةً طَيِّبَةً أَخْطُبُهَا وَأَتَزَوَّجُ بِهَا وَتَكُوْنُ صَاحِبَةً لِى فِى الدِّيْنِ وَالدُنْيَا وَالْأَخِرَةِ,Robbi hablii milladunka zaujatan thoyyibah akhtubuhaa wa atazawwaju biha watakunu shoohibatan lii fiddiini waddunyaa wal aakhiroh.,"""Ya Robb, berikanlah kepadaku istri yang terbaik dari sisi-Mu, istri yang aku lamar dan nikahi dan istri yang menjadi sahabatku dalam urusan agama, urusan dunia dan akhirat.”",Doa meminta jodoh untuk laki-laki,Habib Abdullah bin ʿAbdurraḥmān Al‑Muḥḍar,https://narasi.tv/read/narasi-daily/doa-meminta-jodoh-terbaik-menurut-islam-lengkap-dengan-lafal-arab-dan-terjemahannya
3.0,Jodoh,Doa meminta jodoh untuk perempuan,رَبِّ هَبْ لِي مِنْ لَدُنْكَ زَوْجًا طَيِّبًا وَيَكُوْنُ صَاحِبًا لِى فِى الدِّيْنِ وَالدُنْيَا وَالْأَخِرَة,"Robbi hablii milladunka zaujan thoyyiban, wayakuuna shoohiban, lii fiddiini waddunyaa wal aakhiroh.","“Ya Robb, berikanlah kepadaku suami yang terbaik dari sisi-Mu, suami yang juga menjadi sahabatku dalam urusan agama, urusan dunia dan akhirat.”",Doa meminta jodoh untuk perempuan,Habib Abdullah bin ʿAbdurraḥmān Al‑Muḥḍar,https://narasi.tv/read/narasi-daily/doa-meminta-jodoh-terbaik-menurut-islam-lengkap-dengan-lafal-arab-dan-terjemahannya
3.0,Jodoh,Doa meminta jodoh untuk yang sudah lama menunggu,رَبِّ لَا تَذَرْنِى فَرْدًا وَأَنتَ خَيْرُ ٱلْوَٰرِثِين,Rabbi laa tadzarni fardan wa anta khoirul waritsina.,"""Tuhanku, janganlah Engkau biarkan aku hidup seorang diri dan Engkaulah Zat Maha Waris Paling Baik.""",Doa meminta jodoh untuk yang sudah lama menunggu,Habib Abdullah bin ʿAbdurraḥmān Al‑Muḥḍar,https://narasi.tv/read/narasi-daily/doa-meminta-jodoh-terbaik-menurut-islam-lengkap-dengan-lafal-arab-dan-terjemahannya
3.0,Jodoh,QS. Al-A'raf (7): 189,هُوَ ٱلَّذِى خَلَقَكُم مِّن نَّفْسٍۢ وَٰحِدَةٍۢ وَجَعَلَ مِنْهَا زَوْجَهَا لِيَسْكُنَ إِلَيْهَا,Huwa alladhī khalaqakum min nafsin wāḥidah waja‘ala minhā zawjahā liyas kun ilayhā,"""Dia-lah yang menciptakan kamu dari seorang diri, dan (Dia) menjadikan dari padanya pasangannya, agar dia merasa tenteram kepadanya.""","Ayat ini sering dijadikan dasar doa untuk memohon keberkahan dalam jodoh yang diciptakan Allah, agar menjadi pasangan yang saling melengkapi dan membawa ketenangan (sakinah). Doa ini relevan bagi siapa pun yang menginginkan jodoh yang diridhai Allah dan membangun rumah tangga yang harmonis.",KH Bisri Mustofa,https://e-journal.metrouniv.ac.id/nizham/article/download/7208/3662/28762?utm_source=chatgpt.com
3.0,Jodoh,,,,,,,
4.0,Kehidupan Setelah di Dunia,QS. Al‑Ankabut (29):64,وَمَا هٰذِهِ الْحَيٰوَةُ الدُّنْيَآ إِلَّا لَهْوٌ وَلَعِبٌ وَإِنَّالدَّارَ الْاٰخِرَةَ لَهِيَ الْحَيَٰوَانُ لَوْ كَانُوا۟ يَعْلَمُونَ,Wa ma hādhihi al-ḥayātu ad-dunyā illā lahwun wa la‘ib wa inna ad-dāral-ākhirata lahī al-ḥayawān lau kānū ya‘lamūn.,“Dan tiadalah kehidupan dunia ini selain senda-gurau dan permainan; sedangkan akhirat itulah kehidupan sejati jika mereka mengetahui.”,Untuk mengingat bahwa dunia bersifat sementara dan mempersiapkan hati untuk kehidupan akhirat.,"Ulama tafsir, Ar‑Raghib al‑Ashfahani",https://iqra.republika.co.id/berita/s6qs34320/4-istilah-yang-digunakan-alquran-untuk-menyebut-kehidupan-akhirat
4.0,Kehidupan Setelah di Dunia,QS. Al‑Baqarah (2):201,وَمِنْهُمْ مَّن يَقُولُ رَبَّنَا آتِنَا فِي الدُّنْيَا حَسَنَةً وَفِي الآخِرَةِ حَسَنَةً وَقِنَا عَذَابَ النَّارِ,Wa minhum man yaqūlu rabbana ātinā fid-dunyā ḥasanatan wa fil-ākhirati ḥasanatan wa qinā ‘adhāban-nār.,"“Ya Tuhan kami, berilah kami kebaikan di dunia dan akhirat, dan lindungilah kami dari siksa neraka.”",Agar hidup diberkahi di dunia dan akhirat serta terhindar dari azab neraka.,Rasulullah ﷺ (HR. Bukhari & Muslim),https://tafsirweb.com/727-surat-al-baqarah-ayat-201.html
4.0,Kehidupan Setelah di Dunia,HR. Muslim No.2720,  اللَّهُمَّ أَصْلِحْ لِي دِينِي وَدُنْيَايَ وَآخِرَتِي وَأَعْمَالِي وَأَهْلِي وَمَالِي وَبَلَّغْنِي رِضَاكَ وَاجْعَلِ الْمَوْتَ رَاحَةً لِي مِنْ كُلِّ شَرٍّ,Allāhumma aṣliḥ lī dīnī wa dunyāya wa ākhiroti wa a‘mālī wa ahlī wa mālī wa ballighnī riḍāk wa ja‘alil-mawta rāḥatan lī min kulli sharr.,"“Ya Allah, perbaikilah agamaku, duniaku, akhiratku, amalanku, keluargaku & hartaku, capailah ridha-Mu, dan jadikan kematian sebagai ketenangan dari segala kejahatan.”",Agar hidup bermanfaat dan kematian membawa ketenangan serta keselamatan.,Rasulullah ﷺ (HR. Muslim 2720),https://rumaysho.com/986-doa-untuk-memperbaiki-urusan-agama-dan-dunia.html
4.0,Kehidupan Setelah di Dunia,Doa keselamatan (Ath-Thibi),اللَّهُمَّ إِنِّي أَسْأَلُكَ الْعَفْوَ وَالْعَافِيَةَ فِي الدُّنْيَا وَالْآخِرَةِ,Allahumma innī as'aluka al-ʿafwa wa al-ʿāfiyata fid-dunyā wa al-ākhirah,"""Ya Allah, aku memohon kepada-Mu ampunan dan keselamatan di dunia dan akhirat.""",Agar mendapatkan kesejahteraan utuh dan terlindung di dunia & akhirat.,Rasulullah ﷺ ,https://almanhaj.or.id/66211-seharusnya-memohon-keselamatan-dunia-dan-akhirat.html
4.0,Kehidupan Setelah di Dunia,QS. An-Nisa’ (4):126,  وَلِلَّهِ مَا فِي السَّمَاوَاتِ وَمَا فِي الْأَرْضِ ۗ وَكَانَ اللَّهُ بِكُلِّ شَيْءٍ مُحِيطًا,Wa lillāhi mā fī as-samāwāti wa mā fī al-arḍi wa kāna Allahu bikulli shay’in muḥīṭan.,“Kepunyaan Allah apa yang di langit dan di bumi; dan Allah Maha Menguasai segala sesuatu.”,Agar meyakini bahwa semua urusan dunia dan akhirat berada di tangan Allah.,"Ibnu Katsīr, Wahbah az-Zuhailī",https://tafsirweb.com/1658-surat-an-nisa-ayat-126.html
4.0,Kehidupan Setelah di Dunia,Doa Prioritas Akhirat,مَنْ كَانَتِ الْآخِرَةُ هَمَّهُ جَمَعَ اللَّهُ لَهُ أَمْرَهُ وَآتَاهُ الْخَيْرَ فِي دُنْيَاهُ وَلَزَمَهُ اللَّهُ رِضَا,Man kānat al-ākhiratu hammahu jama‘allāhu lahu amrahu wa ātāhu khayrahu fī dunyāhi wa lazamahu Allah riḍāhu.,"""Barang siapa yang akhirat menjadi tujuannya, maka Allah akan menyatukan urusannya, memberinya kebaikan dunia, dan membuatnya selalu dalam keridhaan Allah.","Doa dan nasihat ini untuk mendorong fokus hidup pada akhirat, bukan semata-mata dunia. Bila seseorang memprioritaskan akhirat, maka:
Allah akan memudahkan urusan dunianya,
Allah akan memberi rezeki dan kebaikan dunia tanpa harus mencarinya secara berlebihan,
Dan Allah akan menganugerahinya keridhaan-Nya, tujuan tertinggi dalam kehidupan",Rasulullah ﷺ,https://almanhaj.or.id/12638-jadikanlah-akhirat-sebagai-niatmu-2.html
4.0,Kehidupan Setelah di Dunia,Doa Thabrani,اللَّهُمَّ الطِّفْ بِي فِي تَيْسِيرِ كُلِّ عَسِيرٍوَيَسِّرْنِي فِي كُلِّ أَمْرٍ وَارْزُقْنِي خَيْرَ الدُّنْيَاوَخَيْرَ الْآخِرَةِ,Allāhumma al-ṭif bī fī taysīri kulli ‘asīr wa yassirnī fī kulli amrin warzuqnī khayra ad-dunyā wa khayra al-ākhirah.,"“Ya Allah, mudahkanlah aku dalam mengurus setiap urusan yang sulit, karena sesungguhnya memudahkan perkara yang sukar adalah mudah bagi-Mu. Aku memohon kepada-Mu kelapangan dan kesehatan di dunia dan akhirat.”","Agar segala urusan yang sulit menjadi ringan dan mudah dengan pertolongan AllahMeminta agar hidup dipenuhi dengan kelapangan (kemudahan) dan terhindar dari penyakit & kesusahan di dunia serta akhirat.

",Rasulullah ﷺ (HR. Thabrani),https://www.detik.com/hikmah/doa-dan-hadits/d-6378940/6-doa-agar-dimudahkan-urusan-dunia-dan-akhirat-dibaca-yuk
4.0,Kehidupan Setelah di Dunia,QS. Al-Baqarah (2): 156,إِنَّا لِلَّهِ وَإِنَّا إِلَيْهِ رَاجِعُونَ,Innā lillāhi wa innā ilayhi rājiʿūn,"""Sesungguhnya kami adalah milik Allah dan kepada-Nya lah kami kembali.""","Doa ini dianjurkan dibaca saat menghadapi musibah atau mendengar kabar kematian, sebagai bentuk kesabaran dan pengakuan atas takdir Allah.","yaikh Dr. Shalih bin Abdullah bin Humaid, Imam Masjidil Haram",https://tafsirweb.com/626-surat-al-baqarah-ayat-156.html
4.0,Kehidupan Setelah di Dunia,QS. Yusuf (12): 101,تَوَفَّنِي مُسْلِمًا وَأَلْحِقْنِي بِالصَّالِحِينَ,Tawaffanī musliman wa alḥiqnī biṣ-ṣāliḥīn,"""Wafatkanlah aku dalam keadaan Islam dan gabungkanlah aku dengan orang-orang yang saleh.""",Doa Nabi Yusuf agar diwafatkan dalam keadaan Islam dan bersama orang-orang saleh.,Nabi Yusuf,https://quran.com/12:101/tafsirs/en-tafisr-ibn-kathir
4.0,Kehidupan Setelah di Dunia,QS. Ali 'Imran (3): 193,رَبَّنَا اغْفِرْ لَنَا ذُنُوبَنَا وَكَفِّرْ عَنَّا سَيِّئَاتِنَا وَتَوَفَّنَا مَعَ الْأَبْرَارِ,Rabbana ighfir lana dhunubana wa kaffir 'anna sayyiatina wa tawaffana ma'al abrar,"""Ya Tuhan kami, ampunilah dosa-dosa kami, hapuskanlah kesalahan-kesalahan kami, dan wafatkanlah kami bersama orang-orang yang berbakti.""",Permohonan ampunan dan husnul khatimah.,"Tafsir Tazkirul Quran

",https://quran.com/3:193/tafsirs/tazkirul-quran-en
4.0,Kehidupan Setelah di Dunia,Doa Memohon Perlindungan dari Siksa Kubur dan Neraka,للَّهُمَّ إِنِّي أَعُوذُ بِكَ مِنْ عَذَابِ الْقَبْرِ، وَمِنْ عَذَابِ النَّارِ، وَمِنْ فِتْنَةِ الْمَحْيَا وَالْمَمَاتِ، وَمِنْ شَرِّ فِتْنَةِ الْمَسِيحِ الدَّجَّالِ,"Allāhumma innī a‘ūdzu bika min ‘adzābil-qabri, wa min ‘adzābin-nār, wa min fitnatil-maḥyā wal-mamāt, wa min syarri fitnatil-masīḥid-dajjāl","""Ya Allah, aku berlindung kepada-Mu dari siksa kubur, siksa neraka, fitnah kehidupan dan kematian, serta dari kejahatan fitnah Al-Masih Ad-Dajjal.""",Doa memohon agar diberi perlindungan oleh Allah SWT dari siksa kubur dan neraka,Rasulullah ﷺ,https://www.detik.com/hikmah/doa-dan-hadits/d-6836785/2-doa-agar-terhindar-dari-siksa-kubur-baca-usai-tasyahud-akhir?
4.0,Kehidupan Setelah di Dunia,QS. Al-Mulk (67): 2,الَّذِي خَلَقَ الْمَوْتَ وَالْحَيَاةَ لِيَبْلُوَكُمْ أَيُّكُمْ أَحْسَنُ عَمَلًا,Alladzii khalaqal-mauta wal-hayaata liyabluwakum ayyukum ahsanu 'amalaa,"""Yang menciptakan mati dan hidup, untuk menguji kamu, siapa di antara kamu yang lebih baik amalnya.""",Membaca surat Al-Mulk secara rutin dapat menjadi pelindung dari siksa kubur. Rasulullah ﷺ bersabda bahwa surat ini akan memintakan syafaat bagi pembacanya hingga diampuni,Rasulullah ﷺ,https://kumparan.com/berita-hari-ini/doa-surat-al-mulk-dan-keutamaannya-sebagai-pelindung-di-alam-kubur-1zhTBRa9AMA?
4.0,Kehidupan Setelah di Dunia,Doa Hadits Nabi – Memohon Surga & Perlindungan dari Neraka,اللَّهُمَّ إِنِّي أَسْأَلُكَ الْجَنَّةَ وَمَا قَرَّبَ إِلَيْهَا مِنْ قَوْلٍ أَوْ عَمَلٍ وَأَعُوذُ بِكَ مِنَ النَّارِ وَمَا قَرَّبَ إِلَيْهَا مِنْ قَوْلٍ أَوْ عَمَلٍ,Allahumma innī as’aluka al-jannata wa mā qarraba ilayhā min qawlin aw ‘amalin wa a‘ūdhu bika minan-nār wa mā qarraba ilayhā min qawlin aw ‘amalin,"“Ya Allah, aku memohon kepadamu surga dan segala sebab – baik ucapan maupun amalan – yang mendekatkanku kepadanya, dan aku berlindung kepada-Mu dari neraka serta segala sebab yang dapat menjerumuskanku ke dalamnya.”",Memohon Surga & Perlindungan dari Neraka,"Dr.H.Fathul Bari.,SS.,M.Ag",https://www.onedayonehadith.net/2021/01/masuk-surga-dengan-tahlil.html?
4.0,Kehidupan Setelah di Dunia,QS. Al-Furqān (25): 65–66,"وَالَّذِينَ يَقُولُونَ رَبَّنَا ٱصْرِفْ عَنَّا عَذَابَ جَهَنَّمَ ۖ إِنَّ عَذَابَهَا كَانَ غَرَامًا ﴿٦٥﴾
إِنَّهَا سَاءَتْ مُسْتَقَرًّا وَمُقَامًا ﴿٦٦﴾",Walladhīna yaqūlūna rabbanaa iṣrif ‘annā ‘adhāba jahannama inna ‘adhābahā kāna gharāmā. Innahā sāat mustaqarranw wa muqāmā.,“Dan orang-orang yang berkata:,Memohon perlindungan dari siksa neraka dan dibukakannya jalan ke Surga sebagai tempat kembali yang abadi.,Syaikh Prof. Dr. ʿAbdurrazzāq bin ʿAbd al‑Muḥsin al‑Badr,https://www.ngaji.id/takut-dan-khawatir-dengan-siksa-neraka-jahanam/?
4.0,Kehidupan Setelah di Dunia,,,,"‘Ya Tuhan kami, jauhkanlah azab Jahannam dari kami, sesungguhnya azabnya itu adalah kebinasaan yang kekal.",,,
4.0,Kehidupan Setelah di Dunia,,,,Sesungguhnya Jahannam itu seburuk-buruk tempat menetap dan tempat kediaman.’”,,,
5.0,Keluarga,QS. Al-Furqān (25): 74,وَٱلَّذِينَ يَقُولُونَ رَبَّنَا هَبْ لَنَا مِنْ أَزْوَٰجِنَا وَذُرِّيَّٰتِنَا قُرَّةَ أَعْيُنٍ وَٱجْعَلْنَا لِلْمُتَّقِينَ إِمَامًا,"Rabbana hablana min azwajina wa dhurriyyatina qurrata a’yunin, waj’alna lil-muttaqina imāman.","“Dan orang-orang yang berkata: ‘Ya Tuhan kami, anugerahkanlah kepada kami istri-istri kami dan keturunan kami sebagai penyejuk hati, dan jadikanlah kami imam bagi orang-orang yang bertakwa.’”","Memohon keluarga penuh ketenangan, cinta, dan keberkahan; menjadi teladan bagi keluarga bertakwa.",Ustadz Khalid Basalamah,"https://myislam.org/surah-furqan/ayat-74/#:~:text=And%20those%20who%20say%2C%20%E2%80%9COur,)%20to%20lead%20the%20righteous.%E2%80%9D"
5.0,Keluarga,QS. ʿĀli ‘Imrān (3): 8,رَبَّنَا لَا تُزِغْ قُلُوبَنَا بَعْدَ إِذْ هَدَيْتَنَا وَهَبْ لَنَا مِن لَّدُنكَ رَحْمَةً إِنَّكَ أَنتَ الْوَهَّابُ,"Rabbana lā tuzigh qulūbanā ba‘da idh hadaytanā, wa hab lanā min ladunka raḥmatan, innaka antal-wahhāb.","“Ya Tuhan kami, janganlah Engkau condongkan hati kami setelah Engkau memberi petunjuk, dan karuniakanlah kepada kami rahmat dari sisi-Mu; Engkaulah Maha Pemberi.”","memuat doa umum untuk keteguhan dan rahmat. Ulama seperti Tafsir Al‑Madinah, Al-Muyassar/Kemenag, dan Al‑Jalalayn telah menafsirkan secara lebih luas bahwa rahmat tersebut mencakup aspek keluarga. Ini yang sering dikutip dalam konteks doa untuk rumah tangga dan jodoh.",Tafsir Al‑Jalalayn (Jalaluddin al‑Mahalli & Jalaluddin as‑Suyuti),https://bekalislam.firanda.com/?p
5.0,Keluarga,QS. An‑Naml (27): 19,فَتَبَسَّمَ ضَاحِكًا مِن قَوْلِهَا وَقَالَ رَبِّ أَوْزِعْنِي أَنْ أَشْكُرَ نِعْمَتَكَ الَّتِي أَنْعَمْتَ عَلَيَّ وَعَلَىٰ وَالِدَيَّ وَأَنْ أَعْمَلَ صَالِحًا تَرْضَاهُ وَأَدْخِلْنِي بِرَحْمَتِكَ فِي عِبَادِكَ الصَّالِحِينَ,Fatabassama ḍāḥikan min qawlihā wa qāla rabbi awzi‘nī an ashkura ni‘mataka alladhī an‘amta ‘alayya wa ‘alā wālidayya wa an a‘mala ṣāliḥan tarḍāhu wa adkhilnī bi‑raḥmatika fī ‘ibādika ṣ‑ṣāliḥīn,"“Maka ia tersenyum (lalu) tertawa karena mendengar perkataan semut itu. Lalu ia berkata, ‘Ya Tuhanku, anugerahkanlah aku agar dapat mensyukuri nikmat‑Mu yang telah Engkau limpahkan kepadaku dan kepada kedua orang tuaku, dan agar aku mengerjakan amal saleh yang Engkau ridai, dan masukkanlah aku, dengan rahmat‑Mu, ke dalam golongan hamba‑Mu yang saleh.’”",Doa agar anak dan orang tua mendapatkan hati yang bersyukur serta amal yang diridhai Allah.,Nabi Sulaiman عليه السلام,https://tafsirweb.com/6883-surat-an-naml-ayat-19.html?
5.0,Keluarga,QS. Al‑Isrā’ (17): 24,وَٱخْفِضْ لَهُمَا جَنَاحَ الذُّلِّ مِنَ الرَّحْمَةِ وَقُلْ رَبِّ ٱرْحَمْهُمَا كَمَا رَبَّيَانِي صَغِيرًا,Wakhfid lahuma janaḥa dh-dhulli minar-raḥmati wa qul rabbirḥamhumā kamā rabbayānī ṣaghīrā.,"“Ya Tuhan kami, kasihanilah mereka sebagaimana mereka mendidikku di waktu kecil.”","Agar orang tua diberi kasih, rahmat, dan keberkahan atas jasa pengasuhan.",Al-Alusi (Tafsir Rūh al-Ma‘ānī),https://bincangsyariah.com/zikir-dan-doa/doa-memohon-ampunan-orang-tua-dalam-al-quran/?
5.0,Keluarga,QS. Luqmān (31): 14,وَوَصَّيْنَا ٱلْإِنسَـٰنَ بِوَٰلِدَيْهِ حَمَلَتْهُ أُمُّهُۥ وَهْنًا عَلَىٰ وَهْنٍۢ وَفِصَـٰلُهُۥ فِى عَامَيْنِ أَنِ ٱشْكُرْ لِى وَلِوَٰلِدَيْكَ إِلَىَّ ٱلْمَصِيرُ,Wa waṣṣainal-insāna bi-wālidayhi ḥamalat-hu ummuhū wahnan ‘alā wahnin wa fiṣāluhū fī ‘āmayni anishkur lī wa liwālidayka ilayya al-maṣīr,"“Dan Kami perintahkan kepada manusia (untuk berbuat baik) kepada dua orang ibu bapaknya. Ibunya telah mengandungnya dalam keadaan lemah yang bertambah-tambah, dan menyapihnya dalam dua tahun. Bersyukurlah kepada-Ku dan kepada dua orang ibu bapakmu, hanya kepada-Kulah kembalimu.”",Mengharap rahmat dan kasih Allah untuk orang tua sesuai jasa mereka semasa kecil.,Ustadz Firanda Andirja,https://www.detik.com/hikmah/dakwah/d-6370266/surat-luqman-ayat-14-arab-latin-dan-perintah-berbakti-pada-orang-tua
5.0,Keluarga,QS. Ibrāhīm (14): 41,رَبَّنَا اغْفِرْ لِي وَلِوَالِدَيَّ وَلِلْمُؤْمِنِينَ يَوْمَ يَقُومُ الْحِسَابُ,Rabbighfir lī wa li wālidayya wa lil-mu’minīna yawma yaqūmu l-ḥisāb,"Ya Tuhan kami, ampunilah aku dan kedua orang tuaku, dan orang-orang mukmin pada hari terjadinya perhitungan (kiamat).”",Memohon ampunan dan keselamatan di akhirat untuk orang tua & diri sendiri,stadz Yazid bin Abdul Qadir Jawas,https://almanhaj.or.id/3550-doa-memohon-ampunan-untuk-kedua-orang-tua-dan-kaum-mukminin.html
5.0,Keluarga,Doa dari Sunnah Harmoni & Kebersamaan Keluarga,     اللَّهُمَّ بَارِكْ لِي فِي أَهْلِي وَبَارِكْ لَهُمْ فِيَّ وَارْزُقْنِي مِنْهُمْ وَارْزُقْهُمْ مِنِّي ۖ اللَّهُمَّ اجْمَعْ بَيْنَنَا مَا جَمَعْتَ إِلَىٰ خَيْرٍ وَفَرِّقْ بَيْنَنَا إِذَا فَرَّقْتَ إِلَىٰ خَيْرٍ,"Allāhumma bārik lī fī ahli wa bārik lahum fiyyā, warzuqnī minhum warzuqhum minnī. Allāhummajma‘ baynanā mā jama‘ta ilā khairin wa farriq baynanā idzā farraqt ilā khairin.","“Ya Allah, berkahilah aku dalam keluargaku, berilah keberkahan mereka dalam hidupku. Berilah aku rezeki dari mereka dan berilah mereka rezeki dariku. Satukan kami dalam kebaikan dan jika Engkau pisahkan, pisahkanlah kami ke arah kebaikan.”","Memohon keberkahan dalam keluarga, saling memberi rezeki antara anggota keluarga, Memohon agar tetap disatukan dalam kebaikan , dan jika harus berpisah, maka dalam cara yang baik",Ustadz Yazid Muttaqin,https://nu.or.id/nasional/baca-doa-ini-agar-keluarga-penuh-berkah-bniVB
5.0,Keluarga,QS. Al-Ḥaśyr (59):10,وَٱلَّذِينَ جَآءُو مِنۢ بَعْدِهِمْ يَقُولُونَ رَبَّنَا ٱغْفِرْ لَنَا وَلِإِخْوَٰنِنَا ٱلَّذِينَ سَبَقُونَا بِٱلْإِيمَٰنِ وَلَا تَجْعَلْ فِى قُلُوبِنَا غِلًّۭا لِّلَّذِينَ ءَامَنُوا۟ رَبَّنَآ إِنَّكَ رَءُوفٌۭ رَّحِيمٌۭ,"Wa alladhīna jā’ū min ba‘dihim yaqūlūna: rabbana ighfir lanā wa li-ikhwāninā alladhīna sabaqūnā bil-īmān, wa lā taj‘al fī qulūbinā ghillan lilladhīna āmanū, rabbanā innaka ra’ūfun raḥīm.","“Dan orang-orang yang datang setelah mereka (Muhajirin dan Anshar), mereka berdoa: ‘Ya Tuhan kami, ampunilah kami dan saudara-saudara kami yang telah beriman lebih dahulu daripada kami, dan janganlah Engkau membiarkan kedengkian dalam hati kami terhadap orang-orang yang beriman. Ya Tuhan kami, sesungguhnya Engkau Maha Penyantun lagi Maha Penyayang.’”","Doa ini memohon ampunan untuk diri sendiri dan orang lain (khususnya kaum Muslim terdahulu), serta memohon hati yang bersih dari kedengkian terhadap sesama orang beriman.",Syed Abul A'la Maududi,https://surahquran.com/tafsir-english-aya-10-sora-59.htm
5.0,Keluarga,Doa istri untuk suami,"للَّهُمَّ اكْثِرْ مَالَ زَوْجِيْ وَبَارِكْ لَهُ فِيمَا أَعْطَيْتَهُ وَأَطِلْ حَيَاتَهُ عَلَى طَاعَتِكَ وَأَحْسِنْ عَمَلَهُ وَاغْفِرْ لَهُ
ا",Allāhumma akthir māla zawjī wa bārik lahu fīmā a‘ṭaytahu wa aṭil ḥayātahu ‘alā ṭā‘atika wa aḥsin ‘amalahu wa ighfir lahu,"“Ya Allah, perbanyak harta suamiku, berkahilah pemberian-Mu kepadanya, panjangkan umurnya dalam ketaatan, perbagus amalnya, dan ampunilah dia.”","Agar suami diberi rezeki melimpah, umur dalam ketaatan, amal baik, serta ampunan Allah.",stri Nabi ﷺ / HR. Bukhari,https://www.detik.com/hikmah/doa-dan-hadits/d-6849041/5-doa-suami-untuk-istri-yuk-baca-agar-rumah-tangga-berkah-dan-harmonis?
5.0,Keluarga,Doa setelah akad nikah,اللَّهُمَّ إِنِّي أَسْأَلُكَ خَيْرَهَا، وَخَيْرَ مَا جَبَلْتَهَا عَلَيْهِ، وَأَعُوذُ بِكَ مِنْ شَرِّهَا، وَشَرِّ مَا جَبَلْتَهَا عَلَيْهِ,Allāhumma innī astalkhu khayrahā wa khaira mā jabaltahā wa a‘ūdhu bika min sharrihā wa sharri mā jabaltahā ‘alayhā,"“Ya Allah, aku memohon kebaikannya, dan memohon perlindungan dari keburukannya…”","membuka rumah tangga dengan permohonan berkah & perlindungan, agar hubungan suami–istri dimulai dengan niat mencari kebaikan dan dijauhkan dari keburukan apa pun.","Sunnah Nabi ﷺ (Abu Daud, Ibnu Majah)",https://www.detik.com/hikmah/doa-dan-hadits/d-6849041/5-doa-suami-untuk-istri-yuk-baca-agar-rumah-tangga-berkah-dan-harmonis
